年平均每日交通量,主梁材質_預力混凝土,平均月相對濕度,橋梁總長(M),離海岸距離(公尺),設計垂直地震力係數,是否為跨水橋,橋梁最接近斷層距離,橋下有無租用,label
23364.0,1,76.78156566,126.2,23847,0.1,0,11511.11,0,0
23364.0,1,76.78156566,400.4,23895,0.1,1,11681.22,1,0
29426.0,1,76.78156566,15.0,20033,0.1,0,5865.22,0,0
31431.0,1,76.78156566,22.5,20069,0.1,0,5773.58,0,0
29426.0,1,76.78156566,22.5,20112,0.1,0,5334.69,0,0
29426.0,1,76.78156566,50.0,20056,0.1,1,5216.25,1,0
29426.0,1,76.78156566,37.5,19905,0.1,0,4915.14,1,0
29426.0,1,76.78156566,22.5,19968,0.1,0,4634.6,0,0
23364.0,1,76.78156566,63.5,23953,0.1,0,11727.61,0,0
29426.0,1,76.78156566,22.5,20127,0.1,1,4744.24,0,0
29426.0,1,76.78156566,17.48,20233,0.12,0,4824.56,0,0
29426.0,1,76.78156566,60.0,20417,0.1,0,4966.87,1,0
18022.0,1,75.18181818,315.1,17523,0.15,1,17112.32,0,0
22727.0,1,76.78156566,105.1,25725,0.1,0,13719.58,1,0
29426.0,1,76.78156566,25.0,20009,0.1,0,5891.91,1,0
22727.0,0,75.18181818,1078.0,24854,0.1,1,14219.6,1,0
23428.0,1,75.18181818,130.0,21364,0.15,1,16058.26,0,0
23428.0,1,75.18181818,130.0,21345,0.15,1,16053.38,0,0
23428.0,1,75.18181818,259.0,21666,0.15,0,12890.54,1,0
23077.0,1,75.18181818,210.25,22339,0.15,0,13845.03,1,0
23428.0,1,75.18181818,210.25,22320,0.15,0,13854.31,1,0
23077.0,1,75.18181818,35.0,22247,0.12,0,14456.34,0,0
23428.0,1,75.18181818,35.0,22235,0.15,0,14433.57,0,0
29426.0,1,76.78156566,27.5,21711,0.1,0,8981.66,1,0
31431.0,1,76.78156566,27.5,21710,0.1,0,9022.7,1,0
31431.0,1,76.78156566,52.0,21493,0.1,0,8765.42,1,0
29426.0,1,76.78156566,52.0,21479,0.1,0,8710.45,1,0
18982.0,1,76.78156566,600.1,15308,0.15,1,16986.87,1,0
20025.0,1,76.78156566,600.1,15328,0.15,1,16977.25,1,0
23428.0,1,75.18181818,270.02,20152,0.15,0,17470.75,1,0
23077.0,1,75.18181818,82.5,20380,0.15,0,17459.81,0,0
23077.0,1,75.18181818,125.0,21018,0.15,1,17697.04,0,0
23364.0,0,75.18181818,1052.0,24842,0.1,1,14199.54,1,0
22727.0,0,76.78156566,548.8,24865,0.1,0,13586.28,0,0
23428.0,1,75.18181818,459.0,21541,0.15,1,15374.44,0,0
23077.0,0,75.18181818,54.0,21015,0.12,1,16664.53,0,0
15852.0,1,76.78156566,563.0,12341,0.1,0,16320.53,1,0
22727.0,1,76.78156566,60.21,25452,0.1,1,14378.88,1,0
23077.0,1,75.18181818,117.0,21087,0.12,1,16466.06,0,0
23428.0,1,75.18181818,134.0,21080,0.12,1,16448.34,0,0
23077.0,1,75.18181818,130.0,21373,0.12,1,16056.53,0,0
23077.0,1,75.18181818,437.5,21555,0.15,1,15393.98,0,0
23077.0,1,75.18181818,286.79,21395,0.15,0,15549.23,0,0
23077.0,1,75.18181818,281.0,21667,0.15,0,12887.96,1,0
15852.0,1,76.78156566,479.4,11257,0.1,1,15580.36,0,0
16508.0,1,76.78156566,257.5,11291,0.1,1,15561.45,0,0
15852.0,1,76.78156566,200.0,11190,0.1,1,15638.35,0,0
15852.0,1,76.78156566,232.5,11199,0.1,1,15625.84,0,0
17548.0,1,76.78156566,479.4,11273,0.1,1,15573.08,0,0
15852.0,1,75.18181818,322.6,17513,0.15,1,17094.37,0,0
18022.0,1,76.78156566,105.1,12672,0.1,1,16590.55,0,0
23077.0,1,75.18181818,111.72,23305,0.1,1,16910.65,0,0
23428.0,1,75.18181818,150.12,23233,0.1,1,16900.55,0,0
18022.0,1,76.78156566,576.5,12350,0.1,0,16308.44,1,0
15852.0,0,76.78156566,207.1,11704,0.1,0,15655.11,0,0
15852.0,1,76.78156566,314.7,11912,0.1,1,15522.45,0,0
22727.0,1,76.78156566,322.1,22555,0.1,1,10313.26,1,0
23364.0,1,76.78156566,292.1,22518,0.1,1,10298.84,0,0
23364.0,1,76.78156566,951.8,24907,0.1,1,12456.11,1,0
31431.0,1,76.78156566,279.0,19944,0.1,0,7166.4,1,1
31431.0,0,76.78156566,180.0,19795,0.1,0,6904.13,1,1
31431.0,1,76.78156566,120.0,20008,0.1,0,7295.23,1,0
31431.0,1,76.78156566,39.0,19922,0.1,0,7175.6,1,1
31431.0,0,76.78156566,200.0,19758,0.1,0,6873.12,0,0
31431.0,1,76.78156566,280.0,19656,0.1,0,6919.81,1,1
31431.0,1,76.78156566,160.0,19991,0.1,0,7155.74,1,1
31431.0,0,76.78156566,130.0,19842,0.1,0,6933.64,1,1
31431.0,1,76.78156566,200.0,19646,0.1,0,7112.12,1,1
31431.0,0,76.78156566,295.47,19672,0.1,0,6777.07,1,1
31431.0,1,76.78156566,276.96,19645,0.1,0,6781.49,1,1
31431.0,1,76.78156566,200.0,19647,0.1,0,6955.84,1,1
31431.0,1,76.78156566,240.0,19403,0.1,0,7052.28,1,1
31431.0,1,76.78156566,180.0,19404,0.1,0,7056.47,1,1
29426.0,1,76.78156566,20.0,20502,0.1,0,5033.12,0,0
23077.0,1,75.18181818,171.15,20373,0.1,1,17527.16,0,0
23364.0,1,76.78156566,78.82,23871,0.1,0,11631.89,0,0
23364.0,1,76.78156566,53.0,23915,0.1,0,11890.97,0,0
23364.0,1,76.78156566,54.84,23856,0.1,0,11853.25,0,0
9257.0,1,79.45075758,315.0,4499,0.12,0,14305.57,0,0
23364.0,1,76.78156566,105.1,25689,0.1,0,13684.87,1,0
23428.0,1,75.18181818,78.0,21595,0.12,0,15715.41,0,0
23077.0,1,75.18181818,1073.85,20251,0.15,1,17527.23,1,0
23428.0,1,75.18181818,899.95,20419,0.15,1,17509.29,0,0
8983.0,1,79.45075758,315.0,4513,0.12,0,14294.49,0,0
18022.0,1,76.78156566,106.0,11958,0.1,0,15636.56,0,0
15852.0,1,76.78156566,65.0,13278,0.1,0,16681.29,0,0
18022.0,1,76.78156566,65.0,13303,0.1,0,16664.33,0,0
18022.0,0,76.78156566,91.0,13505,0.1,0,16538.47,1,0
15852.0,1,76.78156566,110.2,13071,0.1,1,16834.97,0,0
18022.0,1,76.78156566,41.0,12990,0.1,0,16558.39,0,0
18022.0,1,76.78156566,76.0,13143,0.1,0,16593.71,0,0
18022.0,1,76.78156566,52.0,15008,0.1,0,16702.92,0,0
22805.0,1,76.78156566,70.3,14850,0.1,1,16624.76,0,0
25262.0,1,76.78156566,70.3,14857,0.1,1,16611.06,0,0
23364.0,1,76.78156566,318.9,23737,0.1,1,11754.19,0,0
20025.0,1,76.78156566,95.0,14046,0.1,0,16476.21,0,0
22805.0,1,75.18181818,79.0,16300,0.1,0,17294.86,1,0
25269.0,1,75.18181818,79.0,16299,0.1,0,17280.76,1,0
22805.0,1,75.18181818,160.1,16795,0.15,1,17241.37,1,0
25269.0,1,75.18181818,185.1,16794,0.15,1,17221.81,1,0
22727.0,1,76.78156566,981.95,24909,0.1,1,12448.18,1,0
9257.0,1,79.45075758,720.0,4835,0.12,1,14496.03,0,0
9257.0,0,79.45075758,445.0,5673,0.12,1,14498.25,0,0
8983.0,0,79.45075758,345.0,5770,0.12,1,14492.84,0,0
9257.0,1,79.45075758,120.0,6358,0.12,0,14774.09,0,0
8983.0,1,79.45075758,120.0,6383,0.12,0,14749.67,0,0
9257.0,1,79.45075758,540.0,7438,0.12,0,14754.39,0,0
8983.0,1,79.45075758,430.0,7539,0.12,0,14735.26,0,0
9257.0,1,79.45075758,675.0,8302,0.12,1,14731.25,1,0
8983.0,1,79.45075758,720.0,8342,0.12,1,14713.38,1,0
15852.0,1,76.78156566,450.0,9883,0.12,1,14720.01,0,0
18022.0,1,76.78156566,330.0,9987,0.12,1,14712.28,0,0
15852.0,1,76.78156566,225.0,10447,0.12,0,14945.0,0,0
15852.0,1,76.78156566,400.0,10674,0.12,1,15107.66,1,0
18022.0,1,76.78156566,329.5,10433,0.12,0,14909.42,1,0
9257.0,1,79.45075758,577.64,536,0.1,0,13721.44,1,0
8983.0,1,79.45075758,580.0,527,0.1,0,13712.51,1,0
9257.0,1,79.45075758,80.0,1306,0.1,0,13422.01,0,0
8983.0,1,79.45075758,60.0,1328,0.1,0,13400.48,0,0
9257.0,1,79.45075758,50.0,1322,0.1,0,13446.33,0,0
8983.0,1,79.45075758,50.0,1337,0.1,0,13388.13,0,0
9257.0,1,79.45075758,80.0,1808,0.1,1,13611.14,0,0
8983.0,1,79.45075758,60.0,1818,0.1,1,13588.29,0,0
8983.0,0,79.45075758,319.7,52,0.1,0,14806.87,1,1
9257.0,0,79.45075758,339.81,73,0.1,0,14737.54,1,1
9257.0,0,79.45075758,49.73,140,0.1,0,14925.44,1,1
8983.0,0,79.45075758,61.25,131,0.1,0,14618.65,0,1
9257.0,0,79.45075758,403.0,66,0.1,0,14577.02,0,1
9257.0,0,79.45075758,55.39,190,0.1,0,14583.06,0,1
9257.0,1,79.45075758,725.0,2466,0.1,1,13612.08,1,0
8983.0,1,79.45075758,690.0,2469,0.1,1,13579.22,1,0
9257.0,1,79.45075758,539.0,4194,0.1,1,13902.11,1,0
8983.0,1,79.45075758,545.0,3969,0.1,1,13719.41,1,0
8983.0,1,79.45075758,695.0,2346,0.1,1,13610.97,1,0
9257.0,1,79.45075758,315.0,2548,0.1,1,13672.43,1,0
8983.0,1,79.45075758,270.0,2603,0.1,1,13611.25,0,0
19969.0,1,76.23863636,30.32,22042,0.1,1,2198.92,0,0
19891.0,1,76.23863636,95.04,21452,0.1,0,1946.45,0,0
19969.0,1,76.23863636,90.32,21344,0.1,1,1900.26,0,0
19969.0,1,76.23863636,639.14,20766,0.1,1,1482.57,0,0
19891.0,1,76.23863636,38.12,20448,0.1,0,1133.38,0,0
19969.0,1,76.23863636,300.3,20183,0.1,1,670.33,0,0
19891.0,1,76.23863636,90.32,19901,0.1,1,438.3,0,0
53036.0,1,81.56313131,1523.2,15728,0.05,0,9740.25,1,0
51376.0,1,81.56313131,1733.2,16183,0.05,0,10374.96,1,0
17025.0,1,76.23863636,27.82,17109,0.1,0,2287.78,0,0
17031.0,1,76.23863636,105.32,18606,0.1,1,1457.95,0,0
17025.0,1,76.23863636,105.42,17317,0.1,1,1848.21,0,0
53799.0,1,81.56313131,1703.2,16197,0.05,0,10387.26,1,0
36224.0,1,76.78156566,89.36,20797,0.1,1,6000.89,0,0
36224.0,1,76.78156566,25.75,20766,0.1,0,6021.8,0,0
17519.0,1,76.23863636,150.32,9311,0.1,1,75.36,1,0
21825.0,1,76.23863636,68.0,2593,0.1,0,3599.7,0,0
21825.0,1,76.23863636,105.0,1635,0.1,0,3558.86,0,0
21825.0,1,76.23863636,110.0,1595,0.1,0,3668.61,0,0
0.0,1,76.23863636,73.5,15115,0.1,0,3229.51,0,0
17025.0,1,76.23863636,796.8,15929,0.1,1,3104.36,0,0
17031.0,1,76.23863636,65.9,13369,0.1,0,1691.43,0,0
17025.0,1,76.23863636,112.82,12682,0.1,1,1307.4,0,0
17519.0,1,76.23863636,73.1,10771,0.1,0,1245.84,0,0
17031.0,1,76.23863636,55.26,16855,0.1,0,2762.36,0,1
17031.0,1,76.23863636,96.9,15609,0.1,0,3480.74,0,1
17031.0,1,76.23863636,37.82,14947,0.1,1,3149.44,0,0
21320.0,1,81.56313131,40.0,17695,0.1,0,10431.51,0,0
24375.0,1,81.56313131,144.04,19333,0.1,0,9958.31,0,0
22825.0,1,76.23863636,320.0,2869,0.1,0,3428.09,0,0
17519.0,1,76.23863636,97.1,11593,0.1,0,1417.63,0,0
31389.0,0,76.78156566,495.0,19892,0.1,0,9546.76,0,0
31389.0,1,76.78156566,176.0,20075,0.12,0,9767.48,0,0
21825.0,1,76.23863636,240.1,3788,0.1,0,3016.15,0,0
21825.0,1,76.23863636,400.0,2145,0.1,1,3433.18,1,0
17031.0,1,76.23863636,30.22,14013,0.1,0,2289.52,0,0
24375.0,1,81.56313131,90.0,19153,0.1,0,10102.36,0,0
20224.0,1,76.23863636,110.0,1612,0.1,0,3843.92,0,0
24375.0,1,81.56313131,87.52,18610,0.1,0,10407.84,0,0
34621.0,1,76.78156566,43.89,20586,0.1,0,5117.25,1,0
39468.0,1,76.78156566,77.0,20791,0.1,0,9190.05,0,0
40550.0,1,76.78156566,359.36,20617,0.1,1,6049.02,0,0
41282.0,1,76.78156566,25.82,19950,0.1,0,6475.08,0,0
40550.0,1,76.78156566,30.0,20561,0.1,1,8785.47,0,0
395435.0,1,76.78156566,40.0,20368,0.12,0,10601.98,0,0
24681.0,1,81.56313131,60.0,21911,0.1,1,6429.49,0,0
24375.0,1,81.56313131,75.0,22806,0.1,1,5580.84,0,0
24375.0,1,81.56313131,72.0,22599,0.1,0,3717.88,0,0
24375.0,1,81.56313131,62.5,22586,0.1,0,4686.26,0,0
24375.0,1,81.56313131,29.0,24220,0.1,0,3472.9,0,0
24375.0,1,81.56313131,58.0,24278,0.1,0,3451.67,0,0
39468.0,1,76.78156566,17.5,20750,0.12,0,10708.07,0,0
24375.0,1,81.56313131,77.0,23367,0.1,0,3388.46,0,0
24681.0,1,81.56313131,16.4,23598,0.1,0,3417.61,0,0
24375.0,1,81.56313131,75.0,24210,0.1,0,3413.85,0,0
24375.0,1,81.56313131,39.92,24917,0.1,1,4235.14,0,0
34621.0,1,76.78156566,20.0,20498,0.1,0,5077.97,0,0
34621.0,1,76.78156566,20.2,20531,0.12,0,5117.98,0,0
20155.0,1,81.56313131,77.0,24373,0.1,0,4974.17,0,0
20155.0,1,81.56313131,90.0,23519,0.1,1,5453.34,0,0
20086.0,1,81.56313131,52.5,23287,0.1,0,5969.04,0,0
20086.0,1,81.56313131,103.0,23525,0.1,0,7158.47,0,0
34621.0,1,76.78156566,17.5,20450,0.1,0,5065.8,0,0
36224.0,1,76.78156566,17.5,20424,0.1,0,5136.29,0,0
36224.0,1,76.78156566,22.5,20448,0.1,1,5046.94,1,0
20196.0,1,76.23863636,90.0,25915,0.12,0,3758.31,0,0
20196.0,1,76.23863636,60.0,23458,0.1,0,1972.69,0,0
17519.0,1,76.23863636,90.32,7556,0.1,0,730.88,0,0
17519.0,1,76.23863636,120.0,5549,0.1,0,2270.35,0,0
22825.0,1,76.23863636,85.0,3516,0.1,0,3201.08,0,0
17519.0,1,76.23863636,35.12,7306,0.1,0,739.81,0,0
17519.0,1,76.23863636,174.22,7523,0.1,0,690.94,0,0
21825.0,1,76.23863636,87.0,4269,0.1,0,2921.06,0,0
56805.0,1,81.56313131,33.0,11378,0.05,0,12695.53,1,0
56805.0,1,81.56313131,40.0,13101,0.05,0,11336.04,0,0
24375.0,1,81.56313131,72.5,22507,0.1,0,4030.64,0,0
20086.0,1,81.56313131,100.0,25175,0.1,0,5362.61,0,0
20086.0,1,81.56313131,70.0,24991,0.1,1,5574.05,0,0
17519.0,1,76.23863636,113.5,7431,0.1,0,862.72,0,0
17519.0,1,76.23863636,84.0,6840,0.1,0,1248.01,0,0
20086.0,1,76.23863636,570.0,25519,0.1,1,4528.09,0,0
19891.0,1,76.23863636,700.0,24833,0.1,1,2274.67,1,0
17519.0,1,76.23863636,210.12,7774,0.1,0,669.95,0,0
20224.0,1,76.23863636,120.0,1541,0.1,1,3767.46,0,0
24375.0,1,81.56313131,146.64,19288,0.1,0,9971.32,0,0
31389.0,1,76.78156566,25.1,19986,0.1,1,9645.76,0,0
19891.0,1,76.23863636,72.0,23599,0.1,0,2239.9,0,0
17519.0,1,76.23863636,90.8,8737,0.1,0,31.34,0,0
39468.0,1,76.78156566,760.0,20944,0.1,1,10087.25,1,0
17519.0,1,76.23863636,112.86,8422,0.1,1,103.0,0,0
17519.0,1,76.23863636,35.12,7367,0.1,0,854.43,0,0
17025.0,1,76.23863636,245.0,6348,0.1,1,1458.24,1,0
17519.0,1,76.23863636,105.0,7999,0.1,1,760.3,0,0
17519.0,1,76.23863636,66.0,6153,0.1,0,1763.88,0,0
24375.0,1,81.56313131,45.0,18301,0.1,0,10603.63,0,0
24375.0,1,81.56313131,88.0,18639,0.1,0,10382.88,0,0
17519.0,1,76.23863636,90.22,7598,0.1,1,645.39,0,0
17519.0,1,76.23863636,187.82,7556,0.1,0,730.86,0,0
17519.0,1,76.23863636,90.62,7997,0.1,1,773.75,0,0
74040.0,1,81.56313131,128.25,13433,0.05,1,7090.6,0,0
74040.0,1,81.56313131,21.35,13594,0.05,0,6904.69,0,0
74040.0,1,81.56313131,56.43,14350,0.05,0,5486.03,0,0
63279.0,1,76.23863636,21.54,11816,0.05,1,243.72,0,0
63279.0,1,76.23863636,21.54,11802,0.15,1,228.26,0,0
73750.0,1,76.23863636,61.58,8740,0.05,0,53.11,0,0
73750.0,1,76.23863636,61.58,8759,0.05,0,59.05,0,0
75750.0,1,76.23863636,14.81,7828,0.05,0,3549.58,0,0
75750.0,1,76.23863636,14.81,7820,0.05,0,3566.31,0,0
75750.0,1,76.23863636,21.4,8522,0.05,0,3639.51,0,0
75750.0,1,76.23863636,21.4,8504,0.05,0,3647.4,0,0
75750.0,1,76.23863636,20.04,8514,0.05,1,2974.43,0,0
75750.0,1,76.23863636,20.04,8494,0.05,1,2982.32,0,0
82109.0,1,76.23863636,16.84,8337,0.05,0,2095.11,0,0
82109.0,1,76.23863636,16.84,8320,0.05,0,2102.28,0,0
82109.0,1,76.23863636,15.4,8716,0.05,0,249.06,0,0
82109.0,0,76.23863636,37.0,8393,0.05,0,2411.98,0,0
63279.0,1,81.56313131,25.44,15417,0.05,1,432.01,0,0
63279.0,1,81.56313131,25.44,15406,0.05,1,417.72,0,0
56212.0,1,81.56313131,36.0,9247,0.05,1,13752.42,0,0
48080.0,1,81.56313131,36.0,7953,0.05,1,14331.44,0,0
48080.0,1,81.56313131,59.9,7678,0.05,0,14399.55,0,0
43995.0,1,81.56313131,60.9,7139,0.05,0,14643.67,0,0
8080.0,1,81.56313131,66.9,4717,0.05,0,16785.06,0,0
4808.0,1,81.56313131,67.72,4696,0.05,0,16805.77,0,0
97343.0,1,81.56313131,35.9,10649,0.05,1,13361.48,0,0
97343.0,1,81.56313131,396.3,11055,0.05,0,12867.13,0,0
56212.0,1,81.56313131,386.5,10772,0.05,0,13153.85,0,0
74040.0,1,81.56313131,66.0,12500,0.05,0,9253.55,0,0
7404.0,1,81.56313131,55.94,15748,0.05,0,3869.24,0,0
7404.0,1,81.56313131,56.1,16521,0.05,0,2287.28,0,0
66916.0,1,81.56313131,56.08,16632,0.05,0,1987.47,0,0
5555.0,1,76.78156566,113.5,7267,0.05,0,6713.77,0,0
7375.0,1,76.23863636,85.0,7104,0.05,0,1085.13,0,0
7375.0,1,76.23863636,82.0,6404,0.05,0,3315.91,0,0
73.0,1,76.23863636,80.0,6476,0.05,0,3412.23,0,0
24375.0,0,76.23863636,82.27,9055,0.1,0,571.44,0,0
21121.0,1,76.23863636,77.0,8857,0.1,0,2022.76,0,0
21121.0,1,76.23863636,73.5,8965,0.1,0,1609.84,0,0
21121.0,1,76.23863636,104.0,8947,0.1,0,1559.06,0,0
21121.0,1,76.23863636,100.0,8928,0.1,0,1178.3,0,0
17519.0,1,76.23863636,80.0,8219,0.1,0,712.76,0,0
17519.0,1,76.23863636,68.5,7379,0.1,0,572.22,0,0
17519.0,1,76.23863636,69.34,7204,0.1,0,551.63,0,0
75750.0,1,76.23863636,75.0,6971,0.05,1,3470.76,0,0
75750.0,1,76.23863636,75.0,6976,0.05,1,3487.17,0,0
75750.0,1,76.23863636,440.0,7156,0.05,1,3455.21,0,0
75750.0,1,76.23863636,450.0,7140,0.05,1,3474.81,0,0
82109.0,1,76.23863636,808.74,8318,0.05,1,944.82,0,0
82109.0,1,76.23863636,805.24,8302,0.05,1,955.2,0,0
17519.0,1,76.23863636,90.62,7988,0.1,1,790.51,0,0
63279.0,1,81.56313131,20.04,16040,0.05,1,355.75,0,0
63279.0,1,81.56313131,20.04,16024,0.05,1,333.15,0,0
91928.0,1,81.56313131,41.0,8927,0.04,0,12349.35,0,0
90022.0,1,81.56313131,41.0,8911,0.04,0,12363.22,0,0
74040.0,1,81.56313131,35.53,13198,0.05,0,7622.15,0,0
74040.0,1,81.56313131,22.14,14030,0.05,0,6072.53,0,0
66916.0,1,81.56313131,25.02,16668,0.05,0,831.82,0,0
63279.0,1,81.56313131,40.6,16722,0.05,0,366.65,0,0
63279.0,1,81.56313131,20.29,15069,0.05,0,464.3,0,0
63279.0,1,81.56313131,20.29,15065,0.05,0,446.58,0,0
97343.0,1,81.56313131,40.0,10725,0.05,1,13311.85,0,0
87343.0,1,81.56313131,37.88,11329,0.05,0,12745.44,0,0
97343.0,1,81.56313131,35.0,10732,0.05,1,13310.42,0,0
5555.0,1,76.78156566,108.5,7163,0.05,0,6989.2,0,0
90022.0,1,76.78156566,94.9,6957,0.05,0,7562.24,0,0
91928.0,0,81.56313131,318.22,8956,0.05,0,12078.39,1,0
98634.0,0,81.56313131,258.1,9094,0.05,0,12091.13,1,0
74040.0,1,81.56313131,233.81,12615,0.05,0,9006.79,0,0
74040.0,0,81.56313131,659.6,12493,0.05,0,8685.49,0,0
7404.0,1,81.56313131,330.0,16163,0.05,0,3288.63,0,0
7404.0,0,81.56313131,239.52,16300,0.05,0,3078.96,0,0
7404.0,1,81.56313131,360.0,16502,0.05,0,2967.7,0,0
6980.0,0,81.56313131,208.72,16309,0.05,0,3121.04,0,0
6980.0,0,81.56313131,240.0,16432,0.05,0,2988.11,0,0
7404.0,1,81.56313131,245.0,16192,0.05,0,2950.55,0,0
66916.0,0,81.56313131,240.0,16182,0.05,0,3213.63,0,0
7404.0,1,81.56313131,270.0,16296,0.05,0,3052.51,0,0
21121.0,0,76.23863636,52.0,8911,0.1,0,1031.75,0,0
18022.0,1,76.78156566,350.0,10685,0.1,1,15093.99,1,0
55214.0,1,75.18181818,680.22,16896,0.04,1,11022.43,1,0
54426.0,1,75.18181818,680.22,16889,0.04,1,11011.93,1,0
55214.0,1,75.18181818,52.0,16247,0.04,1,8281.28,0,0
101220.0,1,75.18181818,671.0,15080,0.04,1,7079.87,0,0
55214.0,0,75.18181818,1130.0,16541,0.04,0,8617.4,1,0
105290.0,1,75.18181818,192.91,15771,0.04,1,7797.03,0,0
87605.0,1,75.18181818,26.1,14010,0.04,0,5986.55,0,0
31978.0,1,79.45075758,15.25,2070,0.05,0,16605.73,0,0
89867.0,1,75.18181818,32.1,14137,0.04,0,6111.82,0,0
105290.0,1,75.18181818,45.0,16131,0.04,1,8176.64,0,0
105290.0,1,75.18181818,158.8,15719,0.04,1,7740.25,0,0
107298.0,1,75.18181818,525.1,14602,0.04,1,6584.04,0,0
107298.0,1,75.18181818,27.1,14117,0.04,0,6092.32,0,0
49096.0,1,76.78156566,20.64,9263,0.04,0,16221.86,0,0
49096.0,1,76.78156566,84.3,10753,0.05,0,16188.65,0,0
9336.0,1,79.45075758,24.53,2214,0.04,1,16584.41,0,0
29856.0,1,79.45075758,77.42,2186,0.04,1,16683.75,0,0
31978.0,1,76.78156566,150.95,12028,0.04,1,15497.73,0,0
52494.0,1,75.18181818,49.05,14124,0.04,1,14511.95,0,0
52494.0,1,75.18181818,37.0,14661,0.04,0,14125.18,0,0
65392.0,1,75.18181818,120.7,15784,0.04,1,13290.4,0,0
37775.0,0,79.45075758,304.0,3263,0.04,1,17362.55,1,0
34584.0,0,79.45075758,304.0,3274,0.05,1,17419.48,1,0
37775.0,1,79.45075758,210.08,3195,0.05,0,17519.35,1,0
37775.0,1,79.45075758,100.0,4297,0.04,1,17108.56,0,0
37775.0,1,79.45075758,91.34,5526,0.04,1,16609.69,0,0
5781.0,1,79.45075758,60.0,7305,0.04,0,16728.29,0,0
52788.0,1,76.78156566,120.0,7761,0.05,1,16483.91,0,0
57815.0,1,76.78156566,181.28,8123,0.05,1,16249.94,0,0
52788.0,1,76.78156566,20.84,9038,0.04,1,16198.68,0,0
49096.0,1,76.78156566,57.0,10144,0.05,1,16309.29,0,0
49096.0,0,76.78156566,15.3,11064,0.05,0,16085.36,0,0
52788.0,1,76.78156566,120.07,11132,0.05,1,16001.78,0,0
65392.0,1,75.18181818,129.05,16111,0.04,0,12844.59,0,0
55214.0,0,75.18181818,54.31,16350,0.05,0,12402.14,0,0
65392.0,1,75.18181818,57.62,16518,0.05,0,12040.95,0,0
54426.0,1,75.18181818,200.05,17775,0.04,0,10504.57,1,0
65392.0,1,75.18181818,120.05,16631,0.04,0,11762.74,1,0
54426.0,0,75.18181818,160.0,16553,0.04,0,8628.41,1,0
54426.0,1,75.18181818,26.6,16325,0.05,0,8380.34,0,0
54426.0,1,75.18181818,97.1,16135,0.04,1,8173.23,0,0
107298.0,1,75.18181818,66.81,14130,0.04,0,6111.82,0,0
107298.0,1,75.18181818,32.1,14394,0.04,0,6374.83,0,0
107298.0,1,75.18181818,58.25,14235,0.04,0,6213.84,0,0
78897.0,1,75.18181818,28.34,14071,0.04,0,6046.56,0,0
78897.0,1,76.78156566,32.56,12890,0.04,0,4792.34,0,0
78897.0,1,76.78156566,32.1,12733,0.04,0,4621.19,0,0
78897.0,1,76.78156566,57.8,12650,0.04,0,4529.24,0,0
78897.0,1,76.78156566,28.95,12496,0.04,0,4354.2,0,0
78897.0,1,76.78156566,48.07,11060,0.04,0,2709.84,0,0
78897.0,1,76.78156566,47.17,10697,0.04,0,2243.31,0,0
78897.0,1,76.78156566,1000.0,10293,0.04,1,1403.92,1,0
78897.0,1,76.78156566,76.58,10089,0.04,0,821.93,1,0
78897.0,1,76.78156566,76.58,9857,0.04,0,171.57,0,0
78897.0,1,76.78156566,47.03,9771,0.04,0,0.0,0,0
78897.0,1,76.78156566,47.16,9779,0.04,0,0.0,1,0
78897.0,1,76.78156566,25.76,9482,0.04,0,1317.72,0,0
55550.0,1,76.78156566,36.05,9796,0.04,1,2515.75,0,0
55550.0,1,76.78156566,71.56,7381,0.04,0,6293.04,0,0
30833.0,1,75.18181818,980.0,14905,0.04,0,13502.91,0,0
28758.0,1,75.18181818,1628.0,13262,0.04,1,14258.05,0,0
30833.0,0,75.18181818,532.0,14503,0.04,1,14000.3,0,0
28758.0,0,75.18181818,541.0,14452,0.04,0,13974.92,0,0
28758.0,1,75.18181818,870.0,14862,0.04,0,13536.09,0,0
30833.0,0,75.18181818,1861.0,15659,0.04,0,11989.17,1,0
28758.0,0,75.18181818,1923.0,15531,0.04,0,12006.81,1,0
30833.0,1,75.18181818,1283.0,16583,0.04,1,11039.93,1,0
28758.0,1,75.18181818,1591.0,16523,0.04,1,10932.52,1,0
28758.0,1,75.18181818,210.0,16708,0.05,0,11493.89,1,0
35039.0,0,75.18181818,138.48,17087,0.05,0,11340.85,0,0
35039.0,0,75.18181818,301.9,17143,0.05,1,11246.0,0,0
28758.0,0,75.18181818,253.13,16864,0.05,1,11056.71,0,0
28758.0,1,75.18181818,232.69,16973,0.05,1,11160.34,1,0
35039.0,1,75.18181818,651.0,17326,0.05,0,10670.19,1,0
37290.0,1,75.18181818,968.0,17475,0.05,1,10171.24,0,0
35039.0,1,75.18181818,930.0,17769,0.05,0,9920.71,1,0
41057.0,0,75.18181818,1572.16,16490,0.05,0,8555.87,0,0
37290.0,1,75.18181818,690.0,17451,0.05,1,9594.59,0,0
37290.0,1,75.18181818,1288.11,16425,0.05,1,8494.19,0,0
41057.0,1,75.18181818,1710.0,15013,0.05,1,7008.66,1,0
37290.0,1,75.18181818,1585.0,15014,0.05,1,7014.49,1,0
41057.0,1,75.18181818,901.0,14174,0.05,0,6151.19,1,0
37290.0,1,75.18181818,1009.0,14123,0.05,1,6101.02,0,0
41057.0,0,75.18181818,598.0,13690,0.05,1,5652.73,0,0
64685.0,0,75.18181818,240.5,13518,0.05,1,5470.53,0,0
64685.0,0,76.78156566,280.0,13339,0.05,1,5276.4,0,0
37290.0,0,75.18181818,556.0,13676,0.05,1,5641.96,0,0
59135.0,0,75.18181818,80.0,13619,0.05,1,5581.31,0,0
59135.0,0,76.78156566,480.0,13297,0.05,1,5237.76,0,0
59135.0,0,75.18181818,293.15,13465,0.05,1,5442.91,0,0
64685.0,0,75.18181818,212.6,13703,0.05,1,5664.66,0,0
59135.0,0,75.18181818,519.0,13368,0.05,1,5347.34,0,0
64685.0,0,76.78156566,1077.5,12746,0.05,0,4633.19,0,0
59135.0,0,76.78156566,1155.0,12654,0.05,0,4540.19,0,0
64685.0,0,76.78156566,1070.0,12157,0.05,0,3952.22,1,0
59135.0,0,76.78156566,982.0,12113,0.05,0,3917.17,0,0
64685.0,1,76.78156566,919.0,11419,0.05,0,3116.33,1,0
59135.0,1,76.78156566,909.0,11389,0.05,0,3096.91,1,0
64685.0,1,76.78156566,996.09,10716,0.05,1,2261.69,1,0
59135.0,1,76.78156566,1037.94,10655,0.05,1,2207.18,1,0
64685.0,1,76.78156566,1135.0,10309,0.05,1,1412.81,1,0
59135.0,1,76.78156566,1120.0,10262,0.05,1,1384.58,1,0
64685.0,1,76.78156566,50.0,10026,0.05,0,551.13,0,0
49096.0,1,76.78156566,534.08,10100,0.04,1,831.65,1,0
49096.0,0,76.78156566,78.0,10243,0.04,1,1248.94,0,1
49096.0,1,76.78156566,744.22,10078,0.04,0,863.07,1,0
49096.0,0,76.78156566,146.96,10017,0.04,0,682.93,0,0
49096.0,1,76.78156566,606.6,10014,0.04,0,727.98,1,0
49096.0,0,76.78156566,51.23,10179,0.04,0,1207.35,1,1
49096.0,1,76.78156566,200.0,9972,0.04,0,570.22,1,0
49096.0,0,76.78156566,137.5,9930,0.04,0,457.75,0,0
29856.0,1,79.45075758,32.94,2227,0.04,1,16601.81,0,0
49096.0,1,75.18181818,37.0,14650,0.04,0,14114.99,0,0
19969.0,1,76.23863636,38.12,20464,0.1,0,1127.97,0,0
19891.0,1,76.23863636,300.3,20171,0.1,1,676.18,0,0
19969.0,1,76.23863636,90.32,19916,0.1,1,432.73,0,0
17025.0,1,76.23863636,105.32,18594,0.1,1,1441.39,0,0
17031.0,1,76.23863636,105.42,17338,0.1,1,1857.67,0,0
17031.0,1,76.23863636,60.32,17155,0.1,1,2175.31,0,0
17025.0,1,76.23863636,60.32,17139,0.1,1,2163.93,0,0
17031.0,1,76.23863636,27.82,17122,0.1,0,2302.46,0,0
17025.0,1,76.23863636,55.26,16841,0.1,0,2751.31,0,0
17031.0,1,76.23863636,796.8,15935,0.1,1,3118.35,0,0
17031.0,1,76.23863636,30.22,14005,0.1,0,2300.65,0,0
17031.0,1,76.23863636,93.3,13156,0.1,0,1496.1,0,0
17031.0,1,76.23863636,112.82,12683,0.1,1,1322.55,0,1
17519.0,1,76.23863636,112.86,8411,0.1,1,116.75,0,0
17519.0,1,76.23863636,245.0,6345,0.1,0,1514.95,1,0
22107.0,1,76.23863636,440.09,3775,0.1,0,3034.66,0,0
22107.0,1,76.23863636,360.0,2869,0.1,0,3418.8,0,0
22107.0,1,76.23863636,360.0,2135,0.1,1,3457.73,1,0
22107.0,1,76.23863636,110.0,1572,0.1,0,3685.72,0,0
22116.0,1,76.23863636,120.0,1561,0.1,1,3747.35,0,0
20116.0,1,76.23863636,110.0,1627,0.1,0,3829.27,0,0
36224.0,1,76.78156566,43.89,20565,0.1,0,5094.61,1,0
36224.0,1,76.78156566,20.0,20480,0.1,0,5061.63,0,0
21121.0,1,76.23863636,121.34,8724,0.1,1,760.32,0,0
34621.0,1,76.78156566,22.5,20471,0.1,1,5071.79,0,0
36224.0,1,76.78156566,17.5,20427,0.1,0,5042.2,0,0
34621.0,1,76.78156566,17.5,20449,0.1,0,5158.93,0,0
36224.0,0,76.78156566,120.01,20812,0.1,1,6024.32,0,0
34621.0,1,76.78156566,25.75,20782,0.1,0,6045.97,0,0
41282.0,1,76.78156566,359.36,20608,0.1,1,6028.17,0,0
40550.0,1,76.78156566,25.82,19966,0.1,0,6498.64,0,0
41282.0,1,76.78156566,30.0,20552,0.1,1,8798.78,0,0
40550.0,1,76.78156566,77.0,20801,0.1,0,9179.62,0,0
40550.0,1,76.78156566,760.0,20957,0.1,1,10106.71,1,0
39534.0,1,76.78156566,17.5,20765,0.12,0,10727.78,0,0
32296.0,1,76.78156566,40.0,20364,0.12,0,10623.99,0,0
24375.0,1,81.56313131,60.0,21934,0.1,1,6437.08,0,0
24681.0,1,81.56313131,75.0,22788,0.1,1,5582.81,0,0
24681.0,1,81.56313131,77.0,23352,0.1,0,3368.75,0,0
24375.0,1,81.56313131,16.4,23619,0.1,0,3439.45,0,0
24681.0,1,81.56313131,29.0,24203,0.1,0,3457.35,0,0
24681.0,1,81.56313131,39.92,24903,0.1,1,4223.18,0,0
20086.0,1,81.56313131,77.0,24385,0.1,0,4987.37,0,0
20086.0,1,81.56313131,636.0,23717,0.1,0,5120.42,1,0
20155.0,1,81.56313131,636.0,23703,0.1,0,5099.51,1,0
20086.0,1,81.56313131,90.0,23528,0.1,1,5472.08,0,0
20155.0,1,81.56313131,52.5,23272,0.1,0,5953.69,0,0
20155.0,1,81.56313131,70.0,24982,0.1,1,5565.0,0,0
20007.0,1,76.23863636,570.0,25522,0.1,1,4494.47,0,0
20196.0,1,76.23863636,700.0,24839,0.1,1,2261.77,1,0
19891.0,1,76.23863636,27.5,24463,0.1,0,2179.94,0,0
20196.0,1,76.23863636,72.0,23592,0.1,0,2226.45,0,0
19891.0,1,76.23863636,30.32,22036,0.1,1,2215.22,0,0
19891.0,1,76.23863636,90.32,21337,0.1,1,1916.31,0,0
19891.0,1,76.23863636,639.14,20739,0.1,1,1483.82,0,0
17025.0,1,76.23863636,37.82,14944,0.1,1,3132.04,0,0
56212.0,0,81.56313131,106.0,10910,0.05,0,12994.19,0,0
56212.0,0,81.56313131,106.0,10888,0.05,0,13021.75,0,0
56805.0,1,81.56313131,33.0,11392,0.05,0,12678.38,1,0
56805.0,1,81.56313131,1218.32,11593,0.05,1,11734.7,1,0
56805.0,1,81.56313131,40.0,13111,0.05,0,11318.78,0,0
21320.0,1,81.56313131,40.0,17690,0.1,0,10416.3,0,0
17031.0,1,76.23863636,55.26,16825,0.1,0,2735.92,0,0
17025.0,1,76.23863636,150.32,9309,0.1,1,65.56,1,0
17519.0,1,76.23863636,80.0,9290,0.1,1,84.28,0,0
22107.0,1,76.23863636,70.0,4568,0.1,0,2935.1,0,0
21825.0,1,76.23863636,70.0,4569,0.1,0,2912.91,0,0
21825.0,1,76.23863636,70.0,4539,0.1,0,2896.9,0,0
20086.0,1,81.56313131,124.14,23371,0.1,0,6856.55,0,0
17025.0,1,76.23863636,90.32,7564,0.1,0,736.85,0,0
34621.0,1,76.78156566,40.0,20168,0.1,0,4699.85,0,0
34621.0,1,76.78156566,40.0,20175,0.1,0,4708.76,0,0
20196.0,1,76.23863636,90.0,25922,0.1,0,3767.21,0,0
20086.0,1,81.56313131,77.0,24393,0.1,0,5003.98,0,0
20196.0,1,76.23863636,60.0,23447,0.1,0,1974.92,0,0
17519.0,1,76.23863636,140.0,7529,0.1,0,684.03,0,0
17519.0,1,76.23863636,183.92,7556,0.1,0,746.49,0,0
63279.0,1,81.56313131,55.78,16759,0.05,0,355.67,0,0
63279.0,1,81.56313131,55.94,16677,0.05,0,375.07,0,0
24375.0,0,76.23863636,100.04,8967,0.1,0,404.42,0,0
21121.0,0,76.23863636,46.32,8942,0.1,0,1797.93,0,0
36224.0,1,76.78156566,74.5,20540,0.1,0,5089.21,0,0
53036.0,1,81.56313131,1523.2,15759,0.05,0,9734.22,1,0
49096.0,1,76.78156566,153.55,11137,0.04,1,16017.61,0,0
49096.0,1,76.78156566,120.1,11114,0.04,1,15978.04,0,0
9257.0,1,79.45075758,16.15,2450,0.1,0,13688.23,0,0
8983.0,1,79.45075758,16.15,2456,0.1,0,13676.16,0,0
0.0,0,81.56313131,65.8,16601,0.05,0,2544.55,0,0
31431.0,1,76.78156566,25.0,19990,0.1,0,5874.3,1,0
31431.0,1,76.78156566,15.0,20014,0.1,0,5845.45,0,0
7878.526735,1,76.78156566,22.5,20094,0.1,0,5791.95,0,0
31431.0,1,76.78156566,22.5,20092,0.1,0,5321.6,0,0
31431.0,1,76.78156566,50.0,20036,0.1,1,5203.05,1,0
31431.0,1,76.78156566,37.5,19884,0.1,0,4900.64,1,0
31431.0,1,76.78156566,22.5,19959,0.1,0,4619.96,0,0
31431.0,1,76.78156566,22.5,20105,0.1,1,4721.47,0,0
31431.0,1,76.78156566,17.03,20215,0.12,0,4805.36,0,0
31431.0,1,76.78156566,60.0,20393,0.1,0,4942.9,1,0
29426.0,1,76.78156566,20.0,20484,0.1,0,5014.78,0,0
15852.0,1,76.78156566,52.0,15006,0.12,0,16720.92,0,0
22805.0,1,76.78156566,547.5,15004,0.12,1,15917.89,1,0
22805.0,1,76.78156566,135.0,15113,0.15,0,16190.3,0,0
9257.0,1,79.45075758,715.0,4123,0.12,1,13809.26,0,0
9257.0,1,79.45075758,249.0,4202,0.12,1,14168.87,0,0
9257.0,1,79.45075758,99.0,4221,0.12,0,13986.52,0,0
8983.0,1,79.45075758,534.0,4256,0.12,1,14104.68,0,0
9257.0,1,79.45075758,70.0,4352,0.1,0,14198.11,0,0
54426.0,0,75.18181818,1130.0,16534,0.04,0,8611.48,1,0
49096.0,1,76.78156566,20.84,9036,0.04,1,16186.99,0,0
30283.0,1,79.45075758,77.42,2186,0.04,1,16699.1,0,0
34584.0,1,79.45075758,100.0,4306,0.04,1,17117.9,0,0
34584.0,1,79.45075758,91.34,5545,0.04,1,16626.57,0,0
5781.0,1,79.45075758,60.0,7313,0.04,0,16724.89,0,0
57815.0,1,76.78156566,120.0,7748,0.04,1,16469.66,0,0
57815.0,1,76.78156566,181.28,8102,0.04,1,16242.1,0,0
49096.0,1,76.78156566,20.64,9260,0.04,0,16205.71,0,0
49096.0,1,76.78156566,57.0,10148,0.05,1,16326.03,0,0
49096.0,0,76.78156566,15.3,11064,0.05,0,16066.05,0,0
57815.0,1,76.78156566,120.07,11122,0.04,1,15988.19,0,0
31978.0,1,76.78156566,150.95,12015,0.05,1,15482.44,0,0
49096.0,1,75.18181818,49.05,14115,0.04,1,14504.05,0,0
65392.0,1,75.18181818,129.05,16099,0.04,0,12836.96,0,0
65392.0,0,75.18181818,54.31,16340,0.05,0,12378.64,0,0
65392.0,1,75.18181818,57.62,16491,0.05,0,12050.34,0,0
65392.0,0,75.18181818,128.05,16620,0.04,0,11748.68,1,0
54426.0,1,75.18181818,200.05,17762,0.04,0,10497.55,1,0
54426.0,1,75.18181818,97.1,16125,0.04,1,8163.48,0,0
107298.0,1,75.18181818,158.8,15713,0.04,1,7735.78,0,0
105290.0,1,75.18181818,671.0,15074,0.04,1,7075.85,0,0
107298.0,1,75.18181818,525.1,14598,0.04,1,6580.55,0,0
107298.0,1,75.18181818,31.5,14386,0.04,0,6366.8,0,0
107298.0,1,75.18181818,58.25,14225,0.04,0,6204.42,0,0
78897.0,1,75.18181818,28.34,14054,0.04,0,6030.6,0,0
78897.0,1,76.78156566,32.56,12878,0.04,0,4780.81,0,0
78897.0,1,76.78156566,32.1,12708,0.04,0,4597.68,0,0
78897.0,1,76.78156566,57.8,12628,0.04,0,4507.15,0,0
78897.0,1,76.78156566,28.95,12484,0.04,0,4343.65,0,0
78897.0,1,76.78156566,48.07,11052,0.04,0,2704.86,0,0
78897.0,1,76.78156566,47.17,10677,0.04,0,2225.3,0,0
78897.0,1,76.78156566,1000.0,10277,0.04,1,1393.74,1,0
78897.0,1,76.78156566,76.58,10069,0.04,1,808.48,1,0
78897.0,1,76.78156566,76.58,9841,0.04,0,164.7,0,0
78897.0,1,76.78156566,47.03,9749,0.04,0,0.0,0,0
78897.0,1,76.78156566,25.7,9458,0.04,0,1339.37,0,0
55550.0,1,76.78156566,36.05,9749,0.04,1,2559.26,0,0
55550.0,1,76.78156566,71.56,7374,0.04,0,6278.47,0,0
54426.0,1,75.18181818,26.6,16309,0.04,0,8365.22,0,0
31431.0,1,76.78156566,80.0,19452,0.1,0,7054.11,1,1
31431.0,1,76.78156566,80.0,19464,0.1,0,7076.44,1,1
23364.0,0,76.78156566,226.3,23743,0.1,0,11486.03,0,0
48080.0,1,81.56313131,36.0,7930,0.04,1,14353.79,0,0
56212.0,1,81.56313131,36.0,9229,0.04,1,13773.2,0,0
3995.0,1,81.56313131,194.0,8172,0.04,0,14311.27,0,0
5621.0,1,81.56313131,304.0,8231,0.04,0,14200.08,0,0
562.0,1,81.56313131,224.0,8308,0.04,0,14133.54,0,0
4808.0,0,81.56313131,359.5,7978,0.04,1,13997.95,0,0
4808.0,0,81.56313131,248.85,8155,0.04,0,14158.13,0,0
48080.0,0,81.56313131,550.5,8288,0.04,0,14144.51,0,0
48080.0,1,81.56313131,268.0,8264,0.04,1,13927.6,0,0
31945.0,0,81.56313131,245.0,8265,0.04,0,14254.22,0,0
4808.0,1,81.56313131,82.66,8163,0.04,0,14094.93,0,0
48080.0,1,81.56313131,30.0,8020,0.04,0,14311.63,0,0
48080.0,1,81.56313131,30.0,8001,0.04,0,14332.38,0,0
18022.0,1,76.78156566,153.55,11107,0.1,1,15902.63,0,0
23428.0,0,76.78156566,116.98,25231,0.1,0,14195.5,1,0
23077.0,0,76.78156566,16.46,25331,0.1,0,14396.77,0,0
22727.0,0,76.78156566,45.51,25336,0.1,0,14310.17,1,0
31431.0,0,76.78156566,320.0,19098,0.1,0,6964.02,1,1
31431.0,0,76.78156566,260.0,19103,0.1,0,6972.39,1,1
31431.0,0,76.78156566,933.0,18702,0.1,0,6918.08,1,1
31431.0,0,76.78156566,933.0,18691,0.1,0,6895.4,1,1
22805.0,1,76.78156566,310.05,14497,0.15,0,15608.97,0,0
8983.0,1,79.45075758,310.0,4526,0.12,0,14284.55,0,0
9257.0,1,79.45075758,320.0,4485,0.12,0,14317.14,0,0
23428.0,1,75.18181818,38.0,21272,0.15,0,16063.62,0,0
56181.0,0,79.45075758,1435.4,5617,0.04,1,15941.51,0,0
56181.0,0,79.45075758,178.0,5469,0.04,1,16569.05,0,0
56181.0,0,79.45075758,58.0,5389,0.04,0,16702.79,0,0
56181.0,1,79.45075758,379.77,5521,0.04,0,16314.96,1,0
56181.0,0,79.45075758,531.5,5336,0.04,1,16574.84,0,0
33695.0,1,76.78156566,74.4,16540,0.1,0,21312.19,0,0
33383.0,1,76.78156566,74.4,16521,0.1,0,21310.43,0,0
33169.0,1,76.78156566,809.4,16798,0.1,0,21969.92,1,1
13492.0,1,76.78156566,441.85,17703,0.1,1,23089.83,0,0
13492.0,1,76.78156566,564.4,17790,0.1,1,23652.74,0,0
13492.0,1,76.78156566,278.3,18145,0.1,0,24265.63,0,0
13492.0,1,76.78156566,197.32,18139,0.1,0,24272.38,0,0
13492.0,1,76.78156566,192.5,18066,0.1,1,25604.52,0,0
13492.0,1,76.78156566,285.0,18013,0.1,1,25529.21,0,0
13492.0,1,76.78156566,230.3,18225,0.1,0,25892.24,0,0
9678.0,1,75.18181818,195.1,15857,0.1,1,17514.51,1,0
33695.0,1,76.78156566,540.15,15846,0.1,1,29375.28,0,0
33383.0,1,76.78156566,294.3,16010,0.1,1,29465.7,0,1
33383.0,1,76.78156566,628.3,15220,0.1,1,29909.57,0,0
33383.0,1,76.78156566,26.2,16387,0.1,1,29350.9,0,0
33695.0,0,76.78156566,12.41,16370,0.1,0,29372.51,0,0
33383.0,0,76.78156566,17.89,16333,0.1,0,29427.71,0,0
32676.0,1,75.18181818,125.0,16272,0.1,0,17210.5,0,0
37656.0,1,75.18181818,149.44,16037,0.1,0,17203.06,0,0
30894.0,1,75.18181818,142.0,16066,0.1,0,17211.74,0,0
32676.0,1,75.18181818,75.1,15928,0.1,0,17402.85,0,0
14124.0,1,79.92550505,200.0,4697,0.1,0,50643.33,0,0
13492.0,1,76.78156566,617.06,18004,0.1,0,24957.91,0,0
13492.0,1,76.78156566,394.68,18002,0.1,0,25121.03,0,1
33695.0,1,76.78156566,313.3,14923,0.1,1,30497.35,1,0
33383.0,1,76.78156566,315.15,14894,0.1,1,30524.11,1,0
33695.0,1,76.78156566,318.07,14616,0.1,1,30726.97,1,1
33383.0,1,76.78156566,334.07,14603,0.1,1,30738.64,1,1
2095.0,1,76.78156566,74.3,15160,0.1,1,30482.96,1,0
9450.0,1,76.78156566,144.3,15027,0.1,0,30521.71,1,0
1156.0,1,76.78156566,110.15,15023,0.1,0,30536.36,1,0
2095.0,1,76.78156566,122.15,15008,0.1,1,30654.78,1,0
33970.0,1,76.78156566,61.8,14928,0.1,1,30681.66,1,0
33970.0,0,76.78156566,31.0,14623,0.1,0,30930.83,0,0
32243.0,1,79.92550505,43.22,3392,0.1,1,42330.21,0,0
36559.0,1,79.92550505,39.26,3405,0.1,0,42459.88,0,0
5312.0,1,79.92550505,125.0,3238,0.1,1,42431.15,0,0
10494.0,1,79.92550505,4740.0,3811,0.1,1,42296.15,1,0
4236.0,1,79.92550505,226.0,4144,0.1,1,47573.92,1,0
22129.0,1,79.92550505,3338.0,4319,0.1,1,50314.44,1,0
3685.0,1,79.92550505,200.0,4660,0.1,0,50678.87,0,0
2773.0,1,79.92550505,225.0,4281,0.1,1,52891.1,0,0
3685.0,1,79.92550505,225.0,4242,0.1,1,52910.12,0,0
10562.0,1,79.92550505,3712.0,3747,0.1,1,54743.56,1,1
8424.0,1,83.08585859,433.09,2984,0.1,1,58697.9,0,0
10562.0,1,83.08585859,480.0,2978,0.1,1,58617.18,0,0
8502.0,1,83.08585859,480.0,2966,0.1,1,58610.99,0,0
11917.0,1,79.92550505,210.0,4019,0.1,0,44008.47,0,0
32243.0,1,79.92550505,721.0,3514,0.1,1,41670.54,1,0
36559.0,0,79.92550505,716.0,3505,0.1,1,41687.56,1,1
9678.0,1,79.92550505,160.0,3408,0.1,1,42268.21,0,0
10345.0,1,79.92550505,43.22,3369,0.1,1,42349.84,0,0
10345.0,1,79.92550505,43.26,3263,0.1,1,42439.69,0,0
32243.0,1,79.92550505,38.23,3389,0.1,0,42165.7,0,0
36559.0,1,79.92550505,43.22,3358,0.1,1,42358.89,0,0
13492.0,1,76.78156566,225.0,16415,0.1,1,20794.13,1,0
36531.757,1,81.56313131,1425.0,11535,0.082,1,11063.54,0,0
59135.0,1,76.78156566,464.2,10154,0.1463,1,1157.23,1,0
36531.757,1,81.56313131,960.0,13949,0.045,0,5697.0,0,0
36531.757,1,81.56313131,986.0,13892,0.045,0,5758.14,0,0
28671.1132,1,81.56313131,857.0,9847,0.099,0,13472.18,0,0
28671.1132,1,81.56313131,1343.0,10450,0.099,1,12496.91,0,0
28671.1132,1,81.56313131,799.0,9965,0.099,0,13523.5,0,0
86340.0,1,81.56313131,1276.0,10529,0.099,1,12427.56,0,0
28671.1132,1,81.56313131,270.0,11430,0.099,0,12205.6,0,0
36531.757,0,81.56313131,710.0,12026,0.082,1,10519.5,1,0
36531.757,1,81.56313131,488.0,14242,0.045,0,5306.41,0,0
36531.757,1,81.56313131,885.0,12150,0.082,0,9825.86,1,0
36531.757,1,81.56313131,2065.0,14520,0.045,1,3357.52,0,0
36531.757,1,81.56313131,1850.0,11411,0.109,1,10996.42,0,0
28671.1132,0,81.56313131,625.0,12096,0.109,0,10505.24,0,0
36531.757,1,81.56313131,1217.0,12196,0.109,1,9566.04,0,0
36531.757,1,81.56313131,498.0,12452,0.109,0,9179.92,0,0
36531.757,1,81.56313131,425.0,12585,0.109,0,8835.8,0,0
36531.757,1,81.56313131,360.0,12719,0.109,1,8561.06,1,0
36531.757,1,81.56313131,740.0,12336,0.082,0,9248.7,0,0
64685.0,1,76.78156566,350.2,10563,0.2182,1,1992.34,1,0
64685.0,0,76.78156566,2330.8,9881,0.2182,1,134.82,1,0
19123.0,1,76.78156566,979.0,9449,0.2182,0,0.0,1,0
36531.757,1,81.56313131,551.0,14177,0.045,0,5319.97,0,0
19123.0,0,76.78156566,185.0,9422,0.2182,0,788.03,0,0
19123.0,0,76.78156566,185.0,9429,0.2182,0,1085.18,0,0
19123.0,1,76.78156566,400.0,9464,0.2182,1,1201.46,0,0
36531.757,1,81.56313131,2589.0,8124,0.1262,1,10205.45,1,0
18446.52504,0,81.56313131,631.0,8751,0.1262,0,12173.41,0,0
44090.0,0,76.78156566,486.0,9695,0.2182,1,2261.83,0,0
36531.757,1,81.56313131,200.0,7685,0.1444,0,9844.33,0,0
36531.757,1,81.56313131,3170.0,7839,0.1444,1,9904.31,1,0
18446.52504,0,81.56313131,625.0,8862,0.1444,0,12150.47,0,0
18446.52504,1,81.56313131,215.0,9110,0.1444,1,12602.02,0,0
18446.52504,1,81.56313131,675.0,9214,0.1444,0,12749.06,0,0
18446.52504,1,81.56313131,215.0,9707,0.1444,0,13335.77,0,0
18446.52504,1,81.56313131,205.0,9579,0.1444,0,13203.13,0,0
18446.52504,1,81.56313131,354.0,9009,0.1262,1,12616.15,0,0
18446.52504,1,81.56313131,618.0,9188,0.1262,0,12851.91,0,0
18446.52504,1,81.56313131,205.0,9540,0.1262,0,13256.4,0,0
18446.52504,0,81.56313131,534.0,8903,0.1444,0,12245.95,0,0
18446.52504,1,81.56313131,175.0,9154,0.1444,1,12607.19,0,0
18446.52504,1,81.56313131,442.0,9673,0.1262,0,13383.76,0,0
18446.52504,0,81.56313131,41.2,8897,0.1262,0,12372.59,0,0
18446.52504,1,81.56313131,175.0,9063,0.1262,1,12626.6,0,0
16024.50518,1,81.56313131,1803.0,16537,0.045,0,2124.47,0,0
36531.757,1,81.56313131,2014.0,14486,0.045,1,3434.91,0,1
17978.0,1,76.78156566,875.0,9378,0.1463,1,60.89,0,1
16024.50518,1,81.56313131,1151.0,16650,0.045,1,643.17,0,0
28671.1132,1,81.56313131,611.14,10537,0.099,1,13258.71,0,0
28671.1132,1,81.56313131,825.38,10477,0.099,1,13178.35,0,0
36531.757,1,81.56313131,580.0,12517,0.082,0,8795.04,0,0
44090.0,0,81.56313131,2799.0,6911,0.2,0,5326.27,0,0
55206.0,1,81.56313131,1065.0,6770,0.2,0,7901.3,0,0
55206.0,1,81.56313131,45.0,6772,0.2,0,8874.35,0,0
55206.0,1,81.56313131,270.0,6863,0.2,0,9149.09,0,0
16024.50518,1,81.56313131,682.0,16111,0.045,0,2928.38,0,1
17978.0,0,76.78156566,580.0,9473,0.1463,0,1516.66,0,0
16024.50518,1,81.56313131,525.0,16548,0.045,0,1837.41,0,0
17978.0,0,76.78156566,1207.72,9617,0.1463,1,1877.63,1,0
16024.50518,1,81.56313131,642.0,16715,0.045,1,74.47,0,0
45254.0,0,76.78156566,345.0,9660,0.1463,0,1948.25,0,1
16024.50518,1,81.56313131,415.0,16646,0.045,1,0.0,0,0
25857.04593,0,76.78156566,1945.0,6818,0.2,0,6168.74,0,0
45254.0,0,76.78156566,2857.49,7715,0.2,0,2678.89,0,0
55206.0,1,81.56313131,845.0,6680,0.2,0,7998.19,0,0
25857.04593,0,81.56313131,255.0,6686,0.2,0,8778.68,0,0
55206.0,1,81.56313131,665.0,6706,0.2,0,8987.68,0,0
55206.0,1,81.56313131,45.0,7247,0.2,0,9744.54,0,0
16024.50518,1,81.56313131,1654.0,16492,0.045,0,2224.28,0,1
16024.50518,1,81.56313131,629.0,16644,0.045,1,152.73,0,0
28671.1132,1,81.56313131,405.0,16602,0.045,1,0.0,0,0
28671.1132,1,81.56313131,474.91,10843,0.099,0,12623.99,0,0
36531.757,1,81.56313131,245.0,12699,0.082,1,8610.25,0,0
23077.0,1,75.18181818,271.0,20264,0.1,1,17534.39,0,0
23077.0,1,75.18181818,38.0,21276,0.15,0,16086.4,0,0
18022.0,0,76.78156566,141.2,11704,0.1,0,15668.21,0,0
8983.0,1,79.45075758,720.0,4844,0.12,1,14480.61,0,0
53036.0,0,81.56313131,2883.5,13517,0.05,1,9748.74,1,0
55546.0,1,81.56313131,54.31,13319,0.05,1,11067.54,0,0
53036.0,0,81.56313131,2875.2,13522,0.05,1,9734.97,1,0
21121.0,1,76.23863636,120.44,8740,0.1,1,737.89,0,0
30922.0,1,76.23863636,33.5,9009,0.1,0,1258.81,0,0
30922.0,1,76.23863636,33.5,8989,0.1,0,1244.39,0,0
33902.0,1,75.18181818,222.6,15847,0.1,1,17435.62,1,0
41057.0,1,75.18181818,149.55,17968,0.05,0,10315.28,0,0
10696.0,1,79.92550505,210.0,3984,0.1,0,44048.17,0,0
25726.0,1,79.92550505,4908.0,3909,0.1,1,44135.36,0,0
27863.0,1,79.92550505,3711.0,4132,0.1,1,47304.85,1,0
6391.0,1,79.92550505,228.0,4190,0.1,1,47555.7,1,0
8442.0,1,79.92550505,694.0,3929,0.1,0,57796.08,1,1
10562.0,1,79.92550505,694.0,3940,0.1,0,57791.9,1,1
10724.0,1,79.92550505,360.92,3942,0.1,0,58002.03,1,0
12748.0,1,83.08585859,395.0,3621,0.1,0,58388.92,0,0
10724.0,1,79.92550505,328.76,3773,0.1,0,58063.27,0,0
8424.0,1,83.08585859,70.0,3213,0.1,0,58683.87,0,0
10724.0,1,83.08585859,105.0,3182,0.1,0,58621.02,0,0
21121.0,0,76.23863636,745.0,8844,0.1,0,1196.53,0,0
56212.0,1,81.56313131,30.0,9965,0.05,0,13700.52,0,0
21320.0,0,81.56313131,430.0,17524,0.1,0,10163.88,0,0
21320.0,0,81.56313131,565.0,17480,0.1,0,10133.4,0,0
21320.0,0,81.56313131,40.0,17684,0.1,0,10402.88,0,0
126961.0,0,76.78156566,734.75,9412,0.05,0,0.0,1,0
126961.0,0,76.78156566,809.0,9428,0.05,0,2.06,1,0
126961.0,0,76.78156566,157.26,9504,0.05,0,42.22,0,0
126961.0,0,76.78156566,52.53,9598,0.05,0,59.32,0,0
126961.0,1,76.78156566,77.9,9823,0.05,0,155.52,0,0
126961.0,0,76.78156566,46.73,9736,0.05,0,0.0,0,0
56181.0,1,79.45075758,162.78,4848,0.04,0,16918.95,0,0
34621.0,0,76.78156566,154.0,20136,0.12,0,4668.55,0,0
34621.0,0,76.78156566,392.0,20139,0.12,0,4671.03,0,0
34621.0,0,76.78156566,396.0,20135,0.12,0,4667.82,0,0
24375.0,0,81.56313131,77.0,23365,0.12,0,3376.77,0,1
55546.0,0,81.56313131,145.0,13148,0.06,1,11173.76,0,0
55546.0,0,81.56313131,105.0,13096,0.06,0,11261.61,0,0
55546.0,0,81.56313131,387.5,13179,0.06,1,11054.09,0,0
55546.0,0,81.56313131,105.0,13050,0.06,0,11326.69,0,0
55546.0,0,81.56313131,190.0,12860,0.06,0,11492.37,0,0
0.0,1,81.56313131,575.0,4463,0.05,0,16541.87,0,0
0.0,1,81.56313131,406.0,4545,0.073,0,16584.66,0,0
21320.0,0,81.56313131,190.0,17660,0.1,0,10304.09,0,0
78897.0,1,75.18181818,744.81,13321,0.04,1,5258.71,0,0
64685.0,1,76.78156566,1096.28,10016,0.05,1,547.04,1,0
56805.0,1,81.56313131,1218.32,11574,0.05,1,11748.72,1,0
17519.0,1,76.23863636,62.5,9350,0.1,1,80.52,0,0
17519.0,1,76.23863636,90.0,9207,0.1,0,0.0,0,0
21121.0,0,76.23863636,133.0,8948,0.1,0,1184.32,0,0
13492.0,1,76.78156566,265.0,16386,0.1,1,20808.53,1,0
33695.0,1,76.78156566,650.97,15215,0.1,1,29891.32,0,0
22805.0,0,76.78156566,730.0,14459,0.12,1,15440.39,1,0
25269.0,1,76.78156566,135.0,15135,0.12,0,16184.82,0,0
78897.0,1,75.18181818,744.81,13304,0.04,1,5243.03,0,0
34621.0,1,76.78156566,74.5,20566,0.1,0,5116.2,0,0
74040.0,0,81.56313131,11.9,13993,0.045,0,6165.84,0,0
2800.0,0,76.78156566,325.0,20119,0.1,0,6290.8,0,0
17519.0,1,76.23863636,15.0,9384,0.1,0,110.2,0,0
2800.0,1,76.78156566,23.2,21113,0.12,0,9739.52,0,0
48064.0,0,76.78156566,294.74,9199,0.1,0,0.0,0,0
48064.0,0,76.78156566,160.36,9068,0.1,0,97.83,0,1
48064.0,0,76.78156566,159.64,9096,0.1,0,62.2,0,0
48064.0,0,76.78156566,92.41,9061,0.1,0,67.01,0,0
24375.0,0,76.23863636,64.3,8969,0.1,0,345.78,0,0
24375.0,0,76.23863636,53.0,9034,0.1,0,450.09,0,0
23428.0,0,76.23863636,68.62,9049,0.1,0,455.96,0,0
23428.0,0,76.23863636,48.87,9038,0.1,0,389.15,0,0
23428.0,1,75.18181818,27.32,20738,0.1,0,17542.71,0,0
7404.0,1,81.56313131,90.0,16535,0.05,0,2995.14,0,0
7404.0,1,81.56313131,90.0,16431,0.05,0,3053.56,0,0
23428.0,0,76.78156566,36.39,25094,0.1,0,13959.35,0,0
22129.0,1,79.92550505,375.0,3750,0.1,1,54393.25,1,0
22129.0,1,79.92550505,1678.0,3869,0.1,1,52849.36,1,0
22129.0,1,79.92550505,375.0,3738,0.1,1,54396.64,1,0
9678.0,1,79.92550505,70.0,3439,0.1,0,42473.8,0,0
9678.0,1,79.92550505,40.0,3379,0.1,0,42483.92,0,0
10562.0,0,83.08585859,94.0,3381,0.1,0,58650.44,0,0
10562.0,0,83.08585859,20.0,3411,0.1,0,58639.67,0,0
90022.0,1,81.56313131,35.86,8360,0.04,1,10463.73,0,0
90022.0,1,81.56313131,35.86,8342,0.04,1,10486.48,0,0
90022.0,1,81.56313131,15.46,8743,0.04,0,12020.04,0,0
90022.0,1,81.56313131,15.46,8729,0.04,0,12030.63,0,0
98634.0,1,81.56313131,76.7,9136,0.05,1,12655.25,0,0
98634.0,1,81.56313131,76.7,9112,0.05,1,12658.1,0,0
98634.0,1,81.56313131,35.76,10660,0.05,1,13347.78,0,0
90015.0,1,81.56313131,33.65,16649,0.05,0,2001.96,0,0
74040.0,1,81.56313131,40.1,12781,0.05,1,8632.13,0,0
74040.0,1,81.56313131,40.1,12755,0.05,1,8654.46,0,0
39468.0,1,76.78156566,37.4,19881,0.5,0,7243.29,0,0
39468.0,1,76.78156566,37.4,19850,0.5,0,7225.94,0,0
23077.0,1,75.18181818,247.82,20399,0.1,1,17513.43,0,0
9257.0,1,79.45075758,108.3,795,0.1,0,13490.89,1,0
9120.0,0,79.45075758,240.0,1012,0.1,0,13402.43,1,0
28671.1132,1,76.78156566,25.0,9426,0.04,1,1340.37,0,0
